{
    "species": "Ar8+",
    "charge_state": 8,
    "mass_number": 40,
    "beam_current": 0,
    "reference_energy": 0.01,
    "macroparticles": 10001,
    "beam_centroid": {
        "x": 0.014363704159584047,
        "xp": -0.0006793701859814089,
        "y": -0.00022367732026797813,
        "yp": -2.6944879512063434e-05,
        "dt": 0.1361567001829817,
        "dW": -3.542379072092795e-10
    },
    "beam_sigma": {
        "x": 3.8784820384823533,
        "xp": 3.54269337173714,
        "y": 4.171718930330393,
        "yp": 3.5641110006202457,
        "dt": 7.117605464954481,
        "dW": 2.9484416424927645e-06
    },
    "twiss_x": {
        "emittance": 12.976084729992449,
        "alpha": 0.34789093047335745,
        "beta": 1.1591415379851553,
        "gamma": 0.9671192540077663
    },
    "twiss_y": {
        "emittance": 12.362026251027704,
        "alpha": 0.6680767213237279,
        "beta": 1.4076574770549386,
        "gamma": 1.027470481384879
    },
    "twiss_z": {
        "emittance": 2.0982069992920863e-05,
        "alpha": 0.012639617881774284,
        "beta": 2414215.6635468956,
        "gamma": 4.1427937654533796e-07
    }
}